{"stats":{"minecraft:custom":{"minecraft:time_since_rest":8886,"minecraft:crouch_one_cm":1814,"minecraft:sprint_one_cm":7945,"minecraft:play_time":8886,"minecraft:damage_taken":20,"minecraft:walk_one_cm":10618,"minecraft:sneak_time":326,"minecraft:walk_under_water_one_cm":21004,"minecraft:drop":45,"minecraft:aviate_one_cm":792861,"minecraft:jump":45,"minecraft:damage_dealt":20,"minecraft:leave_game":1,"minecraft:walk_on_water_one_cm":2384,"minecraft:time_since_death":8886,"minecraft:total_world_time":8886,"minecraft:swim_one_cm":2619,"minecraft:fall_one_cm":691,"minecraft:fly_one_cm":44244},"minecraft:picked_up":{"minecraft:wheat_seeds":2,"minecraft:dirt":16,"minecraft:elytra":1},"minecraft:used":{"minecraft:sand":50,"minecraft:dirt":16,"minecraft:firework_rocket":372,"minecraft:elytra":1},"minecraft:dropped":{"minecraft:elytra":2,"minecraft:firework_rocket":128},"minecraft:mined":{"minecraft:grass":2,"minecraft:grass_block":12,"minecraft:dirt":4,"minecraft:tall_grass":2}},"DataVersion":3465}