{"stats":{"minecraft:picked_up":{"minecraft:crafting_table":2,"minecraft:iron_chestplate":1,"minecraft:leather_leggings":4,"supplementaries:bomb_blue":1,"minecraft:diamond_sword":2,"minecraft:stone_brick_stairs":1,"minecraft:string":8,"born_in_chaos_v1:mesh_door":1,"immersive_melodies:lute":1,"butchersdelight:dead_cow":2,"minecraft:cracked_stone_bricks":2,"swem:chestplate_gold":1,"minecraft:iron_pickaxe":1,"minecraft:enchanted_golden_apple":1,"minecraft:iron_boots":3,"minecraft:sandstone":22,"minecraft:tipped_arrow":3,"minecraft:golden_helmet":4,"minecraft:stick":2,"minecraft:jukebox":1,"minecraft:torch":25,"minecraft:green_bed":1,"minecraft:note_block":2,"epicfight:skillbook":9,"astikorcarts:animal_cart":2,"minecraft:diorite":2,"minecraft:carrot":1,"minecraft:orange_bed":1,"swem:boots_riding_copper":2,"minecraft:quartz_block":3,"minecraft:arrow":21,"minecraft:diamond_chestplate":2,"minecraft:rotten_flesh":76,"minecraft:hay_block":18,"swem:alfalfa_seeds":1,"minecraft:iron_bars":6,"minecraft:cobblestone":22,"eternal_tales:heart_et":7,"born_in_chaos_v1:corpse_maggot":3,"swem:timothy_seeds":1,"minecraft:leather_chestplate":1,"minecraft:black_bed":1,"minecraft:golden_leggings":4,"butchersdelight:deadpig":2,"minecraft:oak_log":22,"minecraft:chainmail_chestplate":2,"minecraft:cobbled_deepslate_stairs":2,"minecraft:gunpowder":1,"eternal_tales:notice_board":4,"minecraft:orange_terracotta":2,"minecraft:leather_boots":3,"minecraft:bone":9,"minecraft:stone_bricks":1,"minecraft:bow":5,"minecraft:iron_ingot":2,"born_in_chaos_v1:chipped_black_argillite_brick":1,"weaponmaster:tutorialbook":2,"minecraft:mossy_stone_bricks":3,"minecraft:oak_planks":10,"irons_spellbooks:frozen_bone":12,"minecraft:chiseled_stone_bricks":1,"minecraft:sand":35,"quark:yellow_shingles":2,"regions_unexplored:palm_log":7,"quark:orange_shingles":5,"minecraft:chiseled_sandstone":7,"minecraft:spider_eye":2,"minecraft:mossy_cobblestone":7,"minecraft:leather_helmet":1,"biomesoplenty:flowering_oak_sapling":1,"minecraft:diamond_shovel":1,"minecraft:chainmail_leggings":1,"minecraft:diamond_axe":2,"minecraft:chainmail_helmet":2,"minecraft:oak_sapling":1,"minecraft:coal":1},"minecraft:used":{"minecraft:iron_bars":2,"lootr:trophy":1,"astikorcarts:animal_cart":1,"minecraft:iron_chestplate":1,"minecraft:orange_bed":1,"minecraft:torch":40,"astikorcarts:supply_cart":1,"eternal_tales:notice_board":2,"farmersdelight:flint_knife":20,"minecraft:carrot":3,"endrem:old_eye":1,"minecraft:wooden_axe":9,"epicfight:diamond_greatsword":32,"supplementaries:bomb_blue":1,"minecraft:bow":55,"minecraft:golden_carrot":10,"minecraft:hay_block":10,"quark:yellow_shingles":2,"minecraft:cooked_beef":3,"epicfight:skillbook":13,"minecraft:mossy_stone_bricks":1,"minecraft:stone_pickaxe":111,"minecraft:oak_planks":15,"minecraft:wooden_pickaxe":30,"swem:boots_riding_copper":2,"swem:boots_riding_iron":2,"minecraft:golden_apple":13,"minecraft:sand":5,"minecraft:crafting_table":6,"supplementaries:bomb":1,"minecraft:apple":2,"minecraft:bread":46,"minecraft:melon_slice":3,"minecraft:wooden_sword":3,"minecraft:cobblestone":18,"epicfight:uchigatana":535,"regions_unexplored:palm_boat":2,"minecraft:chainmail_leggings":1},"minecraft:crafted":{"minecraft:wooden_sword":1,"epicfight:diamond_greatsword":1,"minecraft:oak_planks":88,"astikorcarts:animal_cart":1,"minecraft:stone_pickaxe":1,"astikorcarts:wheel":4,"astikorcarts:supply_cart":1,"regions_unexplored:palm_boat":2,"minecraft:wheat":64,"regions_unexplored:palm_planks":28,"minecraft:crafting_table":4,"minecraft:wooden_pickaxe":1,"minecraft:bread":21,"minecraft:shield":2,"quark:oak_chest":2,"minecraft:stick":40,"minecraft:wooden_axe":1},"minecraft:mined":{"minecraft:mossy_cobblestone":5,"minecraft:cobbled_deepslate_stairs":2,"biomesoplenty:bush":1,"minecraft:decorated_pot":1,"minecraft:brick_stairs":1,"biomesoplenty:flowering_oak_leaves":1,"minecraft:sandstone":11,"minecraft:chiseled_stone_bricks":1,"minecraft:spawner":26,"minecraft:hay_block":16,"minecraft:mossy_cobblestone_stairs":1,"minecraft:chiseled_sandstone":1,"minecraft:mossy_stone_brick_stairs":1,"minecraft:vine":14,"minecraft:iron_bars":13,"minecraft:deepslate_brick_stairs":2,"eternal_tales:latit":1,"minecraft:stone":14,"minecraft:tripwire":6,"minecraft:green_bed":1,"minecraft:orange_bed":1,"minecraft:cut_sandstone":3,"minecraft:glass_pane":4,"minecraft:quartz_block":6,"eternal_tales:notice_board":4,"minecraft:crafting_table":2,"minecraft:torch":15,"minecraft:note_block":2,"minecraft:dead_bush":1,"minecraft:cobblestone":10,"born_in_chaos_v1:chipped_black_argillite_brick":1,"minecraft:diorite":3,"minecraft:wall_torch":7,"supplementaries:urn":1,"minecraft:black_stained_glass":2,"minecraft:jukebox":1,"minecraft:black_bed":1,"minecraft:stone_brick_stairs":1,"minecraft:grass":11,"ars_nouveau:mage_block":2,"minecraft:oak_log":22,"regions_unexplored:palm_log":2,"minecraft:sand":21,"minecraft:cracked_stone_bricks":1,"minecraft:stone_bricks":1,"minecraft:mossy_stone_bricks":5,"minecraft:oak_leaves":2},"minecraft:broken":{"minecraft:iron_chestplate":1},"minecraft:killed":{"minecraft:cave_spider":2,"minecraft:spider":12,"born_in_chaos_v1:maggot":13,"naturalist:coral_snake":1,"minecraft:skeleton":7,"realmrpg_demons:chort":1,"born_in_chaos_v1:firelight_not_despawn":1,"minecraft:husk":11,"minecraft:creeper":1,"born_in_chaos_v1:decrepit_skeleton":4,"minecraft:zombie":48,"born_in_chaos_v1:dread_hound":1,"born_in_chaos_v1:corpse_fly":3,"minecraft:stray":14,"born_in_chaos_v1:nightmare_stalker":1,"born_in_chaos_v1:door_knight":1,"minecraft:wither_skeleton":8,"born_in_chaos_v1:decaying_zombie_not_despawn":2},"minecraft:custom":{"lootr:looted_stat":101,"minecraft:mob_kills":134,"minecraft:interact_with_crafting_table":23,"minecraft:open_barrel":7,"minecraft:bell_ring":1,"minecraft:damage_dealt_resisted":1253,"minecraft:eat_cake_slice":4,"minecraft:leave_game":1,"minecraft:time_since_death":194016,"minecraft:climb_one_cm":14914,"minecraft:sprint_one_cm":985506,"minecraft:walk_one_cm":1244739,"minecraft:drop":103,"minecraft:play_noteblock":6,"minecraft:damage_dealt_absorbed":689,"minecraft:talked_to_villager":1,"minecraft:play_time":194016,"minecraft:sneak_time":7199,"minecraft:walk_under_water_one_cm":16077,"minecraft:jump":1537,"minecraft:walk_on_water_one_cm":18242,"minecraft:total_world_time":194016,"minecraft:interact_with_furnace":1,"minecraft:sleep_in_bed":3,"minecraft:time_since_rest":31124,"minecraft:waystone_activated":1,"minecraft:damage_taken":4000,"minecraft:damage_absorbed":389,"minecraft:damage_dealt":25043,"minecraft:player_kills":1,"minecraft:fly_one_cm":419741,"minecraft:swim_one_cm":12809,"minecraft:open_chest":10,"minecraft:crouch_one_cm":43473,"minecraft:fall_one_cm":26325,"minecraft:inspect_dispenser":2,"minecraft:horse_one_cm":35016},"minecraft:dropped":{"minecraft:golden_boots":1,"minecraft:iron_sword":1,"minecraft:golden_helmet":3,"minecraft:cobbled_deepslate_stairs":2,"minecraft:mossy_cobblestone":3,"minecraft:golden_pickaxe":1,"weaponmaster:tutorialbook":3,"born_in_chaos_v1:mesh_door":1,"minecraft:cobblestone":1,"minecraft:lead":1,"swem:chestplate_gold":1,"minecraft:cracked_stone_bricks":2,"minecraft:saddle":1,"minecraft:chainmail_helmet":1,"quark:orange_shingles":5,"swem:boots_riding_iron":1,"minecraft:leather_helmet":1,"swem:jump_xp_potion":1,"minecraft:stick":1,"ars_nouveau:worn_notebook":1,"minecraft:diorite":2,"minecraft:golden_carrot":5,"eternal_tales:eternal_town_spawner":1,"minecraft:sand":16,"irons_spellbooks:frozen_bone":12,"minecraft:bone":8,"minecraft:chiseled_sandstone":7,"alexsmobs:animal_dictionary":1,"minecraft:green_bed":1,"minecraft:wheat":1,"swem:alfalfa_seeds":1,"minecraft:rotten_flesh":76,"minecraft:oak_planks":12,"minecraft:iron_boots":2,"minecraft:enchanted_golden_apple":1,"minecraft:carrot":1,"patchouli:guide_book":2,"astikorcarts:animal_cart":2,"minecraft:chainmail_chestplate":1,"minecraft:chiseled_stone_bricks":1,"minecraft:leather_chestplate":2,"swem:timothy_seeds":1,"minecraft:tipped_arrow":1,"farmersdelight:flint_knife":1,"minecraft:shield":1,"minecraft:gunpowder":1,"born_in_chaos_v1:chipped_black_argillite_brick":1,"minecraft:golden_leggings":4,"minecraft:orange_terracotta":2,"minecraft:quartz_block":2,"minecraft:mossy_stone_bricks":2,"born_in_chaos_v1:corpse_maggot":3,"minecraft:leather_boots":2,"minecraft:oak_sapling":1,"minecraft:leather_leggings":3,"minecraft:spider_eye":2,"minecraft:sandstone":21,"minecraft:iron_bars":4,"minecraft:bow":5,"minecraft:wooden_pickaxe":1,"minecraft:stone_brick_stairs":1,"swem:boots_riding_copper":4,"epicfight:skillbook":1}},"DataVersion":3465}