{"stats":{"minecraft:dropped":{"minecraft:elytra":2,"minecraft:firework_rocket":128},"minecraft:mined":{"minecraft:grass":2,"minecraft:grass_block":12,"minecraft:dirt":4,"minecraft:tall_grass":2},"minecraft:used":{"minecraft:firework_rocket":357,"minecraft:dirt":16,"minecraft:elytra":1},"minecraft:picked_up":{"minecraft:wheat_seeds":2,"minecraft:dirt":16,"minecraft:elytra":1},"minecraft:custom":{"minecraft:time_since_rest":7751,"minecraft:crouch_one_cm":1788,"minecraft:play_time":7751,"minecraft:sprint_one_cm":7174,"minecraft:damage_taken":20,"minecraft:walk_one_cm":8462,"minecraft:sneak_time":288,"minecraft:walk_under_water_one_cm":20710,"minecraft:drop":45,"minecraft:aviate_one_cm":690674,"minecraft:jump":39,"minecraft:damage_dealt":20,"minecraft:time_since_death":7751,"minecraft:walk_on_water_one_cm":1974,"minecraft:total_world_time":7751,"minecraft:swim_one_cm":2619,"minecraft:fall_one_cm":691,"minecraft:fly_one_cm":32430}},"DataVersion":3465}