{"stats":{"minecraft:crafted":{"minecraft:coal":54,"minecraft:crafting_table":1,"minecraft:wooden_pickaxe":1,"minecraft:bread":30,"minecraft:jungle_planks":72,"minecraft:stick":12,"minecraft:iron_pickaxe":1,"minecraft:stone_pickaxe":1,"minecraft:torch":24,"minecraft:wheat":90},"minecraft:killed_by":{"minecraft:husk":3,"minecraft:player":1,"minecraft:cave_spider":1,"realmrpg_demons:chort":1,"minecraft:skeleton":1,"minecraft:zombie":2,"born_in_chaos_v1:dread_hound_not_despawn":1,"born_in_chaos_v1:zombie_bruiser":1},"minecraft:killed":{"minecraft:cave_spider":4,"alexsmobs:guster":1,"minecraft:husk":26,"minecraft:spider":1,"born_in_chaos_v1:maggot":7,"minecraft:skeleton":4,"minecraft:zombie":4,"minecraft:stray":2},"minecraft:dropped":{"minecraft:stone_hoe":1,"minecraft:bread":10,"chococraft:loverly_gysahl_green":1,"alexsmobs:animal_dictionary":1,"weaponmaster:tutorialbook":1,"alexscaves:cave_tablet":1,"rats:archeologist_hat":1,"minecraft:rotten_flesh":22,"minecraft:chainmail_helmet":1,"patchouli:guide_book":2,"ars_nouveau:worn_notebook":1,"wardrobe:jungle_leggings":2,"born_in_chaos_v1:corpse_maggot":1,"minecraft:chainmail_boots":1,"minecraft:leather_leggings":1,"gravestone:obituary":11,"minecraft:spider_eye":1,"minecraft:iron_bars":2,"quark:smithing_template_rune":1,"minecraft:wooden_pickaxe":1,"minecraft:chainmail_leggings":1,"minecraft:string":5,"minecraft:armor_stand":2,"minecraft:bone":6,"epicfight:skillbook":2},"minecraft:picked_up":{"born_in_chaos_v1:corpse_maggot":1,"chococraft:loverly_gysahl_green":1,"minecraft:iron_chestplate":1,"minecraft:chainmail_boots":1,"minecraft:jungle_log":11,"minecraft:leather_leggings":1,"minecraft:jungle_wood":12,"alexscaves:cave_tablet":1,"minecraft:potato":2,"minecraft:filled_map":1,"quark:smithing_template_rune":1,"minecraft:string":5,"minecraft:red_bed":1,"minecraft:iron_leggings":3,"minecraft:armor_stand":2,"tetra:scroll_rolled":1,"chococraft:gysahl_green":2,"minecraft:iron_ingot":3,"minecraft:coal_block":6,"wardrobe:jungle_leggings":2,"rats:archeologist_hat":1,"minecraft:iron_boots":2,"sophisticatedbackpacks:backpack":4,"epicfight:skillbook":1,"minecraft:sand":2,"epicfight:uchigatana":1,"chococraft:gysahl_green_seeds":1,"minecraft:spider_eye":1,"minecraft:rotten_flesh":19,"minecraft:chainmail_leggings":2,"minecraft:hay_block":10,"minecraft:chainmail_helmet":1,"minecraft:iron_bars":2,"minecraft:cobblestone":3,"eternal_tales:heart_et":2},"minecraft:mined":{"minecraft:red_bed":1,"tetra:scroll_rolled":1,"gravestone:gravestone":5,"minecraft:dead_bush":3,"minecraft:coal_block":6,"minecraft:cobblestone":3,"minecraft:spawner":2,"minecraft:hay_block":10,"minecraft:grass":3,"ars_nouveau:mage_block":2,"chococraft:gysahl_green":1,"minecraft:iron_bars":3,"minecraft:sand":4,"regions_unexplored:tassel":1},"minecraft:custom":{"lootr:looted_stat":37,"minecraft:interact_with_furnace":3,"minecraft:mob_kills":50,"minecraft:interact_with_crafting_table":3,"minecraft:open_barrel":9,"minecraft:leave_game":4,"minecraft:time_since_death":1879,"minecraft:sleep_in_bed":2,"minecraft:climb_one_cm":2284,"minecraft:time_since_rest":1920,"minecraft:waystone_activated":1,"minecraft:sprint_one_cm":866126,"minecraft:damage_taken":5694,"minecraft:walk_one_cm":709697,"minecraft:drop":56,"minecraft:damage_dealt":9388,"minecraft:damage_dealt_absorbed":333,"minecraft:swim_one_cm":6740,"minecraft:talked_to_villager":1,"minecraft:fly_one_cm":462850,"minecraft:open_chest":2,"minecraft:crouch_one_cm":6333,"minecraft:play_time":192266,"minecraft:deaths":12,"minecraft:sneak_time":991,"minecraft:walk_under_water_one_cm":1177,"minecraft:jump":850,"minecraft:walk_on_water_one_cm":3613,"minecraft:total_world_time":192266,"minecraft:fall_one_cm":19502},"minecraft:used":{"epicfight:skillbook":4,"minecraft:leather_leggings":1,"rats:archeologist_hat":1,"minecraft:stone_pickaxe":11,"minecraft:baked_potato":7,"minecraft:wooden_pickaxe":3,"minecraft:cooked_chicken":3,"minecraft:torch":17,"minecraft:jungle_wood":3,"minecraft:sand":2,"minecraft:crafting_table":1,"minecraft:red_bed":1,"minecraft:jungle_planks":9,"wardrobe:jungle_leggings":1,"tetra:scroll_rolled":2,"sophisticatedbackpacks:backpack":2,"minecraft:melon_slice":2,"minecraft:bread":15,"minecraft:jungle_log":2,"chococraft:gysahl_green":2,"minecraft:cooked_beef":7,"epicfight:uchigatana":157}},"DataVersion":3465}