{"stats":{"minecraft:used":{"minecraft:sand":2,"chococraft:gysahl_green":2},"minecraft:custom":{"minecraft:open_chest":1,"minecraft:time_since_rest":43093,"minecraft:interact_with_furnace":1,"lootr:looted_stat":2,"minecraft:waystone_activated":1,"minecraft:crouch_one_cm":1102,"minecraft:walk_one_cm":124774,"minecraft:play_time":120670,"minecraft:sprint_one_cm":196429,"minecraft:damage_taken":1171,"minecraft:deaths":4,"minecraft:sneak_time":131,"minecraft:walk_under_water_one_cm":182,"minecraft:mob_kills":1,"minecraft:drop":9,"minecraft:jump":218,"minecraft:damage_dealt":318,"minecraft:time_since_death":0,"minecraft:walk_on_water_one_cm":1616,"minecraft:climb_one_cm":671,"minecraft:total_world_time":120670,"minecraft:swim_one_cm":1541,"minecraft:fall_one_cm":7108,"minecraft:fly_one_cm":179139},"minecraft:killed_by":{"minecraft:zombie":1,"born_in_chaos_v1:dread_hound_not_despawn":1,"born_in_chaos_v1:zombie_bruiser":1,"minecraft:husk":1},"minecraft:killed":{"alexsmobs:guster":1},"minecraft:picked_up":{"chococraft:gysahl_green":2,"minecraft:sand":2,"chococraft:gysahl_green_seeds":1},"minecraft:dropped":{"minecraft:stone_hoe":1,"gravestone:obituary":3,"ars_nouveau:worn_notebook":1,"alexsmobs:animal_dictionary":1,"weaponmaster:tutorialbook":1,"patchouli:guide_book":2},"minecraft:mined":{"minecraft:dead_bush":3,"minecraft:sand":4,"chococraft:gysahl_green":1}},"DataVersion":3465}