{"stats":{"minecraft:crafted":{"minecraft:oak_planks":12,"regions_unexplored:mauve_planks":32,"epicfight:iron_greatsword":1,"minecraft:wheat":63,"farmersdelight:cooked_mutton_chops":4,"minecraft:crafting_table":2,"minecraft:wooden_pickaxe":1,"minecraft:air":0,"minecraft:bread":28,"minecraft:jungle_planks":8,"minecraft:stick":16,"minecraft:wooden_axe":1,"minecraft:torch":48},"minecraft:killed_by":{"minecraft:husk":1,"minecraft:player":2,"minecraft:stray":3,"minecraft:zombie":1,"born_in_chaos_v1:dread_hound":1},"minecraft:killed":{"eternal_tales:sunflower_spider":1,"minecraft:cave_spider":1,"irons_spellbooks:summoned_zombie":2,"born_in_chaos_v1:zombie_lumberjack":2,"born_in_chaos_v1:restless_spirit":2,"born_in_chaos_v1:door_knight_not_despawn":1,"minecraft:spider":11,"born_in_chaos_v1:zombie_bruiser":2,"born_in_chaos_v1:maggot":18,"minecraft:skeleton":15,"minecraft:silverfish":4,"born_in_chaos_v1:corpse_fish":1,"born_in_chaos_v1:firelight_not_despawn":2,"eternal_tales:interdimensional_zombie":2,"minecraft:husk":23,"born_in_chaos_v1:swarmer":1,"irons_spellbooks:necromancer":1,"minecraft:creeper":2,"rats:rat":2,"eternal_tales:flower_zombie":2,"born_in_chaos_v1:decrepit_skeleton":6,"born_in_chaos_v1:decaying_zombie":1,"alexsmobs:cockroach":1,"minecraft:zombie":86,"eternal_tales:firefly_mob":1,"bewitched_brewery:ghoul":1,"born_in_chaos_v1:corpse_fly":3,"minecraft:stray":20,"born_in_chaos_v1:nightmare_stalker":1,"alexsmobs:fly":1,"born_in_chaos_v1:door_knight":1,"minecraft:wither_skeleton":3},"minecraft:dropped":{"minecraft:enchanted_book":2,"tetra:scroll_rolled":1,"minecraft:golden_helmet":1,"weaponmaster:tutorialbook":2,"rats:archeologist_hat":1,"minecraft:lead":1,"minecraft:mossy_stone_brick_stairs":1,"minecraft:jungle_planks":2,"swem:chestplate_gold":1,"minecraft:saddle":1,"born_in_chaos_v1:pieceofdarkmetal":1,"minecraft:chainmail_helmet":2,"minecraft:coal":1,"minecraft:diamond_horse_armor":2,"swem:helmet_gold":2,"ars_nouveau:worn_notebook":1,"minecraft:torch":5,"minecraft:wooden_axe":1,"supplementaries:bomb_blue":1,"minecraft:iron_leggings":1,"gravestone:obituary":8,"minecraft:chainmail_leggings":1,"minecraft:string":3,"minecraft:tripwire_hook":2,"minecraft:bone":2,"swem:scythe_diamond":1,"minecraft:stone_axe":1,"epicfight:uchigatana":3,"alexsmobs:animal_dictionary":1,"alexscaves:cave_tablet":1,"supplementaries:bomb":1,"minecraft:rotten_flesh":20,"minecraft:oak_planks":10,"minecraft:enchanted_golden_apple":1,"patchouli:guide_book":2,"minecraft:chainmail_chestplate":3,"minecraft:filled_map":1,"minecraft:leather_chestplate":1,"minecraft:potato":6,"swem:all_xp_potion":2,"minecraft:quartz_block":3,"born_in_chaos_v1:corpse_maggot":3,"minecraft:leather_boots":1,"minecraft:golden_leggings":1,"minecraft:leather_leggings":1,"quark:smithing_template_rune":1,"minecraft:iron_bars":1,"minecraft:stone_pickaxe":1,"epicfight:skillbook":5,"ars_nouveau:warp_scroll":1},"minecraft:picked_up":{"minecraft:crafting_table":2,"minecraft:leather_leggings":1,"minecraft:diamond_horse_armor":1,"minecraft:shield":1,"minecraft:string":3,"born_in_chaos_v1:mesh_door":1,"supplementaries:bomb":1,"minecraft:diamond_leggings":1,"minecraft:enchanted_golden_apple":1,"minecraft:golden_helmet":1,"minecraft:torch":7,"minecraft:green_bed":9,"epicfight:skillbook":2,"astikorcarts:animal_cart":1,"born_in_chaos_v1:pieceofdarkmetal":1,"quark:ancient_tome":1,"minecraft:quartz_block":3,"minecraft:rotten_flesh":20,"regions_unexplored:mauve_log":8,"minecraft:hay_block":8,"minecraft:saddle":1,"swem:helmet_gold":1,"minecraft:iron_bars":1,"minecraft:cobblestone":15,"eternal_tales:heart_et":4,"born_in_chaos_v1:corpse_maggot":5,"minecraft:leather_chestplate":1,"minecraft:golden_carrot":4,"minecraft:tripwire_hook":2,"minecraft:jungle_log":1,"minecraft:golden_leggings":1,"minecraft:jungle_wood":2,"minecraft:oak_log":3,"minecraft:chainmail_chestplate":2,"minecraft:lantern":1,"minecraft:leather_boots":1,"minecraft:bone":2,"minecraft:apple":1,"weaponmaster:tutorialbook":1,"minecraft:diamond_helmet":1,"rats:archeologist_hat":1,"minecraft:oak_planks":11,"minecraft:mossy_stone_brick_stairs":1,"minecraft:milk_bucket":1,"born_in_chaos_v1:ethereal_spirit":1,"minecraft:sand":9,"epicfight:uchigatana":2,"minecraft:spider_eye":1,"eternal_tales:bronze_coin":4,"born_in_chaos_v1:fire_dust":1,"minecraft:stone_axe":1,"eternal_tales:terra_shard":3,"minecraft:chainmail_leggings":1,"minecraft:chainmail_helmet":1,"swem:all_xp_potion":1,"minecraft:coal":13},"minecraft:mined":{"minecraft:mossy_cobblestone":2,"gravestone:gravestone":6,"minecraft:dark_oak_fence":1,"minecraft:grass_block":3,"minecraft:jungle_log":1,"minecraft:sandstone":3,"minecraft:spawner":37,"minecraft:hay_block":10,"minecraft:mossy_cobblestone_stairs":1,"minecraft:fire":1,"supplementaries:bamboo_spikes":2,"realmrpg_skeletons:devastated_skeleton":1,"minecraft:mossy_stone_brick_stairs":6,"minecraft:vine":11,"minecraft:iron_bars":18,"eternal_tales:chlorine_ore":1,"realmrpg_skeletons:arrow_skeleton":1,"minecraft:stone":16,"regions_unexplored:silt_grass_block":1,"minecraft:tripwire":3,"minecraft:green_bed":9,"minecraft:glass_pane":4,"minecraft:quartz_block":13,"supplementaries:book_pile":1,"minecraft:orange_terracotta":1,"minecraft:crafting_table":2,"minecraft:torch":3,"minecraft:dead_bush":1,"minecraft:cobblestone":4,"regions_unexplored:mauve_log":9,"minecraft:wall_torch":6,"minecraft:birch_planks":2,"realmrpg_skeletons:bow_skeleton":2,"minecraft:blue_terracotta":1,"minecraft:jungle_wood":2,"regions_unexplored:mauve_leaves":2,"minecraft:stone_brick_stairs":1,"ars_nouveau:mage_block":5,"minecraft:coal_ore":13,"minecraft:oak_log":8,"regions_unexplored:palm_log":5,"minecraft:sand":9,"minecraft:dirt":1,"minecraft:stone_bricks":1,"minecraft:oak_leaves":3},"minecraft:custom":{"lootr:looted_stat":134,"minecraft:inspect_dropper":2,"minecraft:mob_kills":225,"minecraft:interact_with_crafting_table":8,"minecraft:open_barrel":17,"minecraft:damage_dealt_resisted":2193,"minecraft:eat_cake_slice":1,"minecraft:leave_game":5,"minecraft:time_since_death":1364,"minecraft:climb_one_cm":12843,"minecraft:sprint_one_cm":1154476,"minecraft:walk_one_cm":2699380,"minecraft:drop":81,"minecraft:talked_to_villager":2,"minecraft:play_time":260661,"minecraft:deaths":8,"minecraft:sneak_time":3000,"minecraft:walk_under_water_one_cm":12442,"minecraft:jump":1132,"minecraft:walk_on_water_one_cm":13089,"minecraft:total_world_time":260661,"minecraft:interact_with_furnace":3,"minecraft:tune_noteblock":18,"minecraft:sleep_in_bed":18,"minecraft:time_since_rest":1415,"minecraft:waystone_activated":2,"minecraft:damage_taken":7581,"minecraft:damage_absorbed":145,"minecraft:damage_dealt":39921,"minecraft:fly_one_cm":295968,"minecraft:swim_one_cm":14783,"minecraft:open_chest":8,"minecraft:crouch_one_cm":15001,"minecraft:fall_one_cm":23121,"minecraft:horse_one_cm":24118},"minecraft:used":{"quark:ancient_tome":2,"astikorcarts:animal_cart":1,"minecraft:cooked_chicken":1,"minecraft:torch":34,"minecraft:carrot":3,"tetra:scroll_rolled":1,"minecraft:milk_bucket":1,"born_in_chaos_v1:corpse_maggot":2,"minecraft:wooden_axe":8,"eternal_tales:eternal_town_spawner":1,"epicfight:iron_greatsword":95,"minecraft:lantern":1,"minecraft:golden_carrot":4,"minecraft:cooked_beef":12,"epicfight:skillbook":10,"rats:archeologist_hat":1,"minecraft:stone_pickaxe":97,"minecraft:baked_potato":10,"minecraft:wooden_pickaxe":36,"minecraft:chainmail_helmet":1,"minecraft:green_bed":8,"minecraft:cookie":3,"minecraft:golden_apple":4,"minecraft:sand":7,"minecraft:crafting_table":4,"supplementaries:bomb":1,"minecraft:cake":1,"minecraft:bread":50,"minecraft:melon_slice":24,"minecraft:map":1,"minecraft:stone_axe":25,"minecraft:cobblestone":15,"minecraft:cooked_porkchop":7,"epicfight:uchigatana":833,"minecraft:chainmail_leggings":1}},"DataVersion":3465}