{"stats":{"minecraft:used":{"astikorcarts:animal_cart":1,"minecraft:cooked_chicken":1,"minecraft:torch":23,"minecraft:carrot":3,"minecraft:wooden_axe":8,"eternal_tales:eternal_town_spawner":1,"epicfight:iron_greatsword":26,"minecraft:lantern":1,"minecraft:golden_carrot":3,"minecraft:cooked_beef":10,"epicfight:skillbook":10,"minecraft:stone_pickaxe":84,"minecraft:baked_potato":10,"minecraft:wooden_pickaxe":36,"minecraft:chainmail_helmet":1,"minecraft:green_bed":7,"minecraft:cookie":3,"minecraft:golden_apple":4,"minecraft:crafting_table":4,"supplementaries:bomb":1,"minecraft:cake":1,"minecraft:bread":39,"minecraft:melon_slice":19,"minecraft:map":1,"minecraft:stone_axe":6,"minecraft:cobblestone":15,"minecraft:cooked_porkchop":4,"epicfight:uchigatana":833,"minecraft:chainmail_leggings":1},"minecraft:custom":{"lootr:looted_stat":105,"minecraft:inspect_dropper":2,"minecraft:mob_kills":187,"minecraft:interact_with_crafting_table":7,"minecraft:open_barrel":17,"minecraft:damage_dealt_resisted":2193,"minecraft:eat_cake_slice":1,"minecraft:leave_game":1,"minecraft:time_since_death":82321,"minecraft:climb_one_cm":11309,"minecraft:sprint_one_cm":673423,"minecraft:walk_one_cm":1735269,"minecraft:drop":60,"minecraft:play_time":189104,"minecraft:deaths":2,"minecraft:sneak_time":2725,"minecraft:walk_under_water_one_cm":12252,"minecraft:jump":802,"minecraft:walk_on_water_one_cm":12906,"minecraft:total_world_time":189104,"minecraft:tune_noteblock":18,"minecraft:sleep_in_bed":10,"minecraft:time_since_rest":6301,"minecraft:waystone_activated":2,"minecraft:damage_taken":4979,"minecraft:damage_absorbed":145,"minecraft:damage_dealt":33431,"minecraft:swim_one_cm":10474,"minecraft:fly_one_cm":205214,"minecraft:open_chest":8,"minecraft:crouch_one_cm":13308,"minecraft:fall_one_cm":15502,"minecraft:horse_one_cm":24118},"minecraft:killed_by":{"minecraft:player":1,"minecraft:stray":1},"minecraft:killed":{"eternal_tales:sunflower_spider":1,"irons_spellbooks:summoned_zombie":2,"born_in_chaos_v1:restless_spirit":2,"born_in_chaos_v1:zombie_lumberjack":2,"born_in_chaos_v1:door_knight_not_despawn":1,"minecraft:spider":8,"born_in_chaos_v1:zombie_bruiser":2,"born_in_chaos_v1:maggot":12,"minecraft:skeleton":10,"minecraft:silverfish":4,"born_in_chaos_v1:corpse_fish":1,"born_in_chaos_v1:firelight_not_despawn":2,"eternal_tales:interdimensional_zombie":2,"minecraft:husk":18,"born_in_chaos_v1:swarmer":1,"irons_spellbooks:necromancer":1,"minecraft:creeper":2,"rats:rat":2,"born_in_chaos_v1:decrepit_skeleton":5,"eternal_tales:flower_zombie":2,"minecraft:zombie":75,"eternal_tales:firefly_mob":1,"bewitched_brewery:ghoul":1,"born_in_chaos_v1:corpse_fly":3,"minecraft:stray":16,"born_in_chaos_v1:nightmare_stalker":1,"alexsmobs:fly":1,"born_in_chaos_v1:door_knight":1,"minecraft:wither_skeleton":3},"minecraft:picked_up":{"minecraft:crafting_table":2,"minecraft:leather_leggings":1,"minecraft:shield":1,"minecraft:string":3,"born_in_chaos_v1:mesh_door":1,"supplementaries:bomb":1,"minecraft:diamond_leggings":1,"minecraft:enchanted_golden_apple":1,"minecraft:golden_helmet":1,"minecraft:torch":6,"minecraft:green_bed":8,"epicfight:skillbook":2,"astikorcarts:animal_cart":1,"born_in_chaos_v1:pieceofdarkmetal":1,"minecraft:quartz_block":3,"minecraft:rotten_flesh":18,"minecraft:hay_block":1,"minecraft:saddle":1,"swem:helmet_gold":1,"minecraft:iron_bars":1,"minecraft:cobblestone":15,"eternal_tales:heart_et":3,"born_in_chaos_v1:corpse_maggot":3,"minecraft:leather_chestplate":1,"minecraft:golden_carrot":4,"minecraft:tripwire_hook":2,"minecraft:jungle_log":1,"minecraft:golden_leggings":1,"minecraft:jungle_wood":2,"minecraft:oak_log":3,"minecraft:chainmail_chestplate":2,"minecraft:lantern":1,"minecraft:leather_boots":1,"minecraft:bone":2,"weaponmaster:tutorialbook":1,"minecraft:diamond_helmet":1,"minecraft:oak_planks":11,"minecraft:mossy_stone_brick_stairs":1,"born_in_chaos_v1:ethereal_spirit":1,"epicfight:uchigatana":2,"minecraft:spider_eye":1,"eternal_tales:bronze_coin":4,"born_in_chaos_v1:fire_dust":1,"eternal_tales:terra_shard":3,"minecraft:chainmail_leggings":1,"minecraft:chainmail_helmet":1,"minecraft:coal":13},"minecraft:dropped":{"minecraft:enchanted_book":2,"tetra:scroll_rolled":1,"minecraft:golden_helmet":1,"weaponmaster:tutorialbook":2,"minecraft:jungle_planks":2,"minecraft:mossy_stone_brick_stairs":1,"swem:chestplate_gold":1,"born_in_chaos_v1:pieceofdarkmetal":1,"minecraft:chainmail_helmet":2,"minecraft:coal":1,"swem:helmet_gold":2,"ars_nouveau:worn_notebook":1,"minecraft:torch":5,"minecraft:wooden_axe":1,"supplementaries:bomb_blue":1,"gravestone:obituary":2,"minecraft:chainmail_leggings":1,"minecraft:tripwire_hook":2,"swem:scythe_diamond":1,"minecraft:bone":2,"epicfight:uchigatana":3,"alexsmobs:animal_dictionary":1,"supplementaries:bomb":1,"minecraft:rotten_flesh":18,"minecraft:oak_planks":10,"minecraft:enchanted_golden_apple":1,"minecraft:chainmail_chestplate":3,"patchouli:guide_book":2,"minecraft:leather_chestplate":1,"minecraft:potato":6,"minecraft:quartz_block":3,"born_in_chaos_v1:corpse_maggot":3,"minecraft:leather_boots":1,"minecraft:golden_leggings":1,"minecraft:leather_leggings":1,"minecraft:iron_bars":1,"minecraft:stone_pickaxe":1,"epicfight:skillbook":5,"ars_nouveau:warp_scroll":1},"minecraft:crafted":{"minecraft:oak_planks":12,"epicfight:iron_greatsword":1,"minecraft:crafting_table":2,"minecraft:wooden_pickaxe":1,"minecraft:bread":7,"minecraft:jungle_planks":8,"minecraft:stick":8,"minecraft:wooden_axe":1,"minecraft:torch":16},"minecraft:mined":{"minecraft:mossy_cobblestone":2,"gravestone:gravestone":2,"minecraft:grass_block":2,"minecraft:jungle_log":1,"minecraft:sandstone":3,"minecraft:spawner":32,"minecraft:hay_block":3,"minecraft:mossy_cobblestone_stairs":1,"supplementaries:bamboo_spikes":2,"minecraft:fire":1,"realmrpg_skeletons:devastated_skeleton":1,"minecraft:mossy_stone_brick_stairs":6,"minecraft:vine":11,"minecraft:iron_bars":10,"eternal_tales:chlorine_ore":1,"minecraft:stone":16,"regions_unexplored:silt_grass_block":1,"minecraft:tripwire":3,"minecraft:green_bed":8,"minecraft:quartz_block":13,"minecraft:orange_terracotta":1,"minecraft:crafting_table":2,"minecraft:torch":2,"minecraft:cobblestone":4,"minecraft:wall_torch":5,"realmrpg_skeletons:bow_skeleton":1,"minecraft:blue_terracotta":1,"minecraft:jungle_wood":2,"minecraft:stone_brick_stairs":1,"ars_nouveau:mage_block":4,"minecraft:coal_ore":13,"minecraft:oak_log":6,"regions_unexplored:palm_log":5,"minecraft:dirt":1,"minecraft:stone_bricks":1,"minecraft:oak_leaves":3}},"DataVersion":3465}