{"stats":{"minecraft:custom":{"minecraft:jump":26,"minecraft:time_since_rest":156,"minecraft:deaths":1,"minecraft:damage_taken":351,"minecraft:leave_game":2,"minecraft:play_time":4189,"minecraft:sprint_one_cm":128,"minecraft:time_since_death":117,"minecraft:walk_one_cm":6281,"minecraft:total_world_time":4189,"minecraft:fall_one_cm":3210,"minecraft:fly_one_cm":4265,"minecraft:aviate_one_cm":571852},"minecraft:picked_up":{"minecraft:firework_rocket":87,"minecraft:elytra":1},"minecraft:used":{"minecraft:firework_rocket":42}},"DataVersion":3465}