{
  "minecraft:recipes/decorations/crafting_table": {
    "criteria": {
      "unlock_right_away": "2024-06-12 00:24:48 +0000"
    },
    "done": true
  },
  "minecraft:end/elytra": {
    "criteria": {
      "elytra": "2024-06-12 00:25:12 +0000"
    },
    "done": true
  },
  "minecraft:adventure/adventuring_time": {
    "criteria": {
      "minecraft:deep_ocean": "2024-06-12 00:25:42 +0000",
      "minecraft:beach": "2024-06-12 00:25:31 +0000",
      "minecraft:lukewarm_ocean": "2024-06-12 00:25:38 +0000",
      "minecraft:river": "2024-06-12 00:25:54 +0000",
      "minecraft:ocean": "2024-06-12 00:25:40 +0000",
      "minecraft:savanna": "2024-06-12 00:25:36 +0000",
      "minecraft:plains": "2024-06-12 00:24:49 +0000"
    },
    "done": false
  },
  "DataVersion": 3465
}